Comment Date,Comment
"Apr 24, 2013, 8:43:48 PM",Nice!
"May 31, 2013, 12:06:20 AM",You too! Can't wait to get out to Long Island for a ride!
"May 31, 2013, 2:39:21 PM",Very nice! Keep it going!
"Jun 5, 2013, 4:34:16 PM",18 mph! Awesome!
"Jun 21, 2013, 3:59:48 AM",Sucks! Hope you can get back soon.
"Jul 6, 2013, 4:36:35 AM",Great ride!
"Sep 9, 2013, 7:23:50 PM","Thanks Priamo! First time on the bike since July 4th! Hope we can make it out to LI before the cold weather comes.
"
"May 4, 2014, 1:56:20 AM",Thanks! I'm very rusty but It felt great to be back on the road again!
"Jun 17, 2014, 9:42:41 PM",Hot day today! Extra kudos!
"Jun 30, 2014, 2:08:44 PM",On a roll Paul! Keep it up!
"Jul 9, 2014, 7:08:56 PM","Not really, but I'll live.
"
"Jul 12, 2014, 11:52:51 PM","Yeah, it was a great day to ride."
"Jul 14, 2014, 12:07:37 AM",We bow down to you sir! 
"Jul 16, 2014, 2:59:30 PM",Using your feet to move around...? That's highTreason!
"Jul 21, 2014, 12:47:31 AM","Cool, where? But unless it's recorded, it didn't happen. LOL!"
"Jul 28, 2014, 1:18:36 AM",Nice!
"Jul 28, 2014, 1:19:02 AM",Where was this?
"Jul 31, 2014, 2:41:12 AM",Welcome back!
"Aug 9, 2014, 10:03:19 PM",Ha!
"Aug 30, 2014, 3:14:07 PM",What happened?
"Apr 24, 2015, 7:49:50 PM","Routine checkup, I hope."
"May 5, 2015, 11:59:11 PM",Gotta train to hopefully keep up with you and Manny.
"May 8, 2015, 2:08:28 PM",Nice!
"Jun 4, 2015, 4:58:22 AM",What's with all these runs?! Get on the bike and ride!
"Jun 15, 2015, 12:51:15 AM",Boo! No kudos for you. 
"Jun 25, 2015, 3:14:18 PM",Shame shame shame!
"Jun 25, 2015, 7:01:27 PM",Comments are for when you do something wrong. Kudos are for doing it right! So no Kudos for you.
"Jun 27, 2015, 1:36:55 AM",Kudos^2
"Jun 29, 2015, 5:53:13 PM",Keep it up!
"Jul 1, 2015, 1:20:57 AM",On a roll! Nice!
"Jul 23, 2015, 1:26:59 AM",Keep it up!
"Jul 25, 2015, 1:26:48 PM","No, no, no! No Kudos!"
"Jul 26, 2015, 8:44:40 PM","Nice!¬†

¬† ¬† ¬† ¬† ¬† ¬†/(|
¬† ¬† ¬† ¬† ¬† ( ¬†:
¬† ¬† ¬† ¬† ¬†__\ ¬†\ ¬†_____
¬† ¬† ¬† ¬†(____) ¬†`|
¬† ¬† ¬† (____)| ¬† |
¬† ¬† ¬† ¬†(____).__|
¬† ¬† ¬† ¬† (___)__.|_____"
"Jul 27, 2015, 2:28:31 PM",Nice!
"Jul 27, 2015, 5:18:43 PM",Good to see you on the road again!
"Jul 30, 2015, 12:40:10 AM",Oh wow. Hate when that happens.
"Jul 31, 2015, 1:46:41 PM",Nice ride!
"Aug 31, 2015, 9:04:30 PM",Yup. Of all the places!
"Sep 1, 2015, 12:18:21 AM",Woot!!!
"Sep 1, 2015, 12:18:39 AM",Way to go guys!!! 
"Sep 2, 2015, 12:15:51 AM",Well done! Keep it going!
"Sep 15, 2015, 7:50:33 PM",Enjoy the ride on Sunday!
"Oct 1, 2015, 4:59:06 AM",Lol. Not a single drop!
"Oct 5, 2015, 12:36:48 AM","Nice! Where's the picture?
"
"Oct 12, 2015, 12:25:39 AM",Sucks! 
"Oct 26, 2015, 12:36:55 AM",Damn! Just bad luck!
"Oct 26, 2015, 2:29:21 AM",WHOA!!!! Monster Ride! Tripe Kudos!!!
"Oct 31, 2015, 4:19:02 PM",Congrats on setting a PB!
"Mar 26, 2016, 9:08:59 PM",Congrats!
"May 13, 2016, 12:07:11 AM",Made that mistake once. Almost didn't make it back home.
"May 15, 2016, 2:45:00 PM",Good to see you back!
"May 29, 2016, 6:08:43 PM","Awesome!!! 
"
"May 29, 2016, 6:28:55 PM",":-/
"
"May 31, 2016, 6:15:25 PM",no! not awesome.get on the bike. lol
"Jun 7, 2016, 8:26:45 PM","Paul, of course you'd be the one to give Kudos for running. haha!
"
"Jun 7, 2016, 11:51:07 PM",What's up with all this running?!
"Jun 8, 2016, 8:31:02 PM",I'm surrounded by traitors!!! 
"Jun 12, 2016, 12:00:04 AM",Minus kudos. Especially for not joining the ride this morning! 
"Jun 12, 2016, 5:46:21 PM",Whoa! Nice Ride!
"Jun 16, 2016, 2:57:07 AM",Nice ride!
"Jun 18, 2016, 7:25:34 PM",Damn. For real?!
"Jun 19, 2016, 1:20:47 AM",Did you get stranded in the park? 
"Jun 20, 2016, 12:13:38 AM",Congrats! 
"Jul 3, 2016, 8:15:32 PM",I'm assuming that was a run?
"Jul 13, 2016, 12:54:01 AM",??? Were you hovering? LOL!
"Jul 13, 2016, 1:08:07 AM",LMAO! 
"Jul 30, 2016, 5:44:49 PM","Why don't you guys coordinate? lol
"
"Aug 27, 2016, 8:11:59 PM",Good to see you on the bike!
"Sep 24, 2016, 8:18:41 PM",Congrats! 
"Oct 9, 2016, 5:31:24 AM",Honored gentlemen! 
"Jul 8, 2017, 7:07:52 PM",No effort in naming the ride!? Lol
"Jul 8, 2017, 9:27:48 PM",Better!
"Jul 17, 2017, 1:56:44 AM",I would. Looks fun!
"Jul 23, 2017, 7:13:57 PM",When are you joining us on a ride? Haven't ridden together all season!
"Aug 5, 2017, 6:33:36 PM",New ride?!
"Aug 5, 2017, 8:23:30 PM",It's awesome!
"Aug 28, 2017, 7:46:28 PM","Nice ride!
"
"Sep 9, 2017, 5:19:22 PM",Nice!
"Sep 12, 2017, 1:49:08 AM",Nice ride!
"Sep 12, 2017, 1:50:57 AM",Coming to VA soon. Plan a course! 
"Sep 30, 2017, 7:51:56 PM",You need to save some legs for he actual marathon!
"Oct 16, 2017, 7:55:03 PM","What happened?
"
"Nov 13, 2017, 3:02:00 PM",Dude! Take a break!!
"Jan 27, 2018, 8:17:18 PM","What happened?
"
"Apr 28, 2018, 7:04:48 PM",Yo Manny! When are you joining us next for a ride? It's been so long!! 
"Jul 4, 2018, 9:40:51 PM",Yo. Might be heading your way this month. 
"Jul 8, 2018, 11:35:46 PM",Stop running and get on a Citi bike. Lol
"Jul 28, 2018, 10:57:48 PM","We're not worthy. üò≠ By the way Manny, we have to do a ride soon! "
"Jul 28, 2018, 11:27:51 PM",Very nice!
"Aug 8, 2018, 9:43:49 PM",What happened to your Garmin?
"Aug 8, 2018, 9:48:31 PM",Yikes! I have a spare one. I'll send it to you. 
"Sep 20, 2018, 4:15:15 PM",Get a GPS watch. Syncs with Strava. https://smile.amazon.com/dp/B074KBWL9J/ref=dp_cr_wdg_tit_nw_mr?th=1
"Sep 30, 2018, 1:07:56 AM","Should have done the extra 0.01 mile! LOL!
"
"Oct 7, 2018, 2:27:16 AM",It is the slate :-) The CAAD10 is being replaced.
"Nov 5, 2018, 2:08:55 AM",Thanks! Are we doing a ride before winter sets in for good? 
"Nov 5, 2018, 2:09:10 AM",Let's try to set something up soon. 
"Nov 17, 2018, 9:45:18 PM",It was wet and messy! Washing the dirt off the bike right now. 
"Nov 17, 2018, 9:50:31 PM",Not by me. Puddles and some leftover slush everywhere. 
"Jan 9, 2019, 3:51:15 AM",Changing it up a bit with the location?
"Apr 22, 2019, 12:49:37 AM",Do you feel a difference over the 4000?
"May 17, 2020, 9:13:20 PM",Damn. Where's my invitation?
"May 24, 2020, 2:10:46 PM",Damn. You‚Äôre goons break 7 min soon!
"May 24, 2020, 10:01:22 PM",Spending some time at my in-laws during the shutdown. You‚Äôre not too far. We should try and do a ride together. 
"May 25, 2020, 12:32:36 AM",I had also tried the gatorskins on my commuter. Never again! I‚Äôd rather deal with flats all day long!
"May 25, 2020, 12:35:42 AM",I‚Äôll be in the finger lakes region the whole month of June. Let‚Äôs plan a ride one of these days. 
"May 31, 2020, 12:47:55 AM",How were the streets?
"May 31, 2020, 1:06:18 AM",Too much running not enough biking!
"Jun 2, 2020, 12:52:23 AM",[strava://athletes/1920113/11]Paul Malaga I hate running so much! And it hates me just as much!! Any tips? üòÇ
"Jun 8, 2020, 10:13:51 PM",Trying! I much prefer the bike though. 
"Jun 8, 2020, 10:54:36 PM",Hey Manny. Did you see my text?
"Jun 8, 2020, 11:09:55 PM",[strava://athletes/1920113/11]Paul Malaga So far so good. I had to get a good pair of running shoes though. That‚Äôs made quite the difference! Have any advice to improve?
"Jun 8, 2020, 11:16:28 PM",All good with the family! Hope the same for you! What a crazy year! I‚Äôll keep you posted for the ride. 
"Jun 15, 2020, 2:58:49 AM",I was able to make up some speed on the way back with a nice tail wind! 
"Jun 16, 2020, 9:52:29 PM",Hey Manny check WhatsApp when you get a chance. Let me know which day works best for you. 
"Jun 20, 2020, 11:11:56 PM",Great ride!
"Jun 21, 2020, 11:22:37 PM",Didn't know you could add kayaking on Strava. üòÇ Nice one!
"Jun 26, 2020, 1:43:17 AM",I know the feeling. I‚Äôve had to cut 2 rides short because of faulty replacement tubes. I‚Äôm seriously considering going tubeless. 
"Jun 28, 2020, 5:37:33 PM","Yeah, joined a bike club in Westchester. Very nice back roads around. "
"Jun 28, 2020, 5:38:09 PM",Finally on the bike!
"Jun 28, 2020, 8:38:22 PM",[strava://athletes/17634115/11]Lloyd Widom   Will do! Until the next ride! 
"Jul 6, 2020, 12:07:13 AM",Longest ride yet. Keep it up!
"Jul 12, 2020, 9:22:19 PM",Good to see you on the bike again [strava://athletes/707019/16]Priamo Hernandez !
"Jul 13, 2020, 1:00:23 AM",What are you doing in CT?
"Jul 17, 2020, 7:52:48 PM",[strava://athletes/2233769/11]Manny Loski You got the new Emonda??
"Jul 17, 2020, 8:06:20 PM",Agree! Send some pics!
"Jul 17, 2020, 8:11:15 PM",Ah ok. What didn't you like about it? Just curious.
"Jul 17, 2020, 8:46:04 PM","Yeah, the newer model is heavier than last year's be supposedly makes up for it by being a lot more aerodynamic. I thought it'd would run like a dream though. Don't believe the marketing hype! "
"Jul 17, 2020, 8:50:23 PM",Building a bike is a great project. My Storck was built from scratch. Also a great way to learn all about bicycle mechanics. Very easy to go way above budget though! Haha!
"Jul 18, 2020, 10:45:11 PM",Nice ride!
"Jul 20, 2020, 12:38:17 PM","[strava://athletes/2588733/17]Natalia Zamparini Yeah, it was a great ride! A bit too hot for my taste though. "
"Jul 20, 2020, 1:32:06 PM",[strava://athletes/190571/21]Christopher Schiffner Almost no cars except for a few stretches on main roads.
"Jul 21, 2020, 1:18:21 AM",I‚Äôll be up there again next weekend. Let me know if you‚Äôre available for a ride. 
"Jul 21, 2020, 1:20:15 AM","Not far, Cayuga Lake. "
"Jul 24, 2020, 5:08:49 PM",Garmin is is down due to a possible ransomware attack and it looks like it could be a while before they're back up. Your best option is to manually upload through the data cable. 
"Jul 24, 2020, 5:09:56 PM",https://www.theguardian.com/technology/2020/jul/24/garmin-down-how-to-get-activities-on-strava-ride-swim-walk
"Jul 26, 2020, 1:04:10 AM",[strava://athletes/5642704/18]Richard Barthelemy Thanks. It was a beautiful day. 
"Jul 29, 2020, 3:37:39 AM",Thanks. Will definitely be back again!
"Aug 9, 2020, 1:27:00 AM",It was weird at first but you completely forget about it after just a few minutes. It is by far the most comfortable gravel bike I‚Äôve been on! 
"Aug 22, 2020, 3:21:59 AM","[strava://athletes/190571/21]Christopher Schiffner If there was, it certainly wasn't noticeable. I think there's probably a point at which you'll feel it though, but 70 psi seems to be a sweet spot, at least for me. "
"Aug 22, 2020, 3:47:09 AM","They're 25mm. 

115!! Even with tubes I typically run them at 90-95 psi. More than that and it feels like I'm riding on wooden tires! haha!"
"Aug 23, 2020, 1:01:33 AM",Interesting podcast about why wider tires and lower pressure are faster. https://cyclingtips.com/2016/08/cyclingtips-podcast-episode-9-rethinking-road-bike-tire-sizes-and-pressures/
"Aug 23, 2020, 1:15:20 AM","Ha! Yeah, I now find myself with a bunch of tubes!"
"Aug 23, 2020, 1:17:40 AM","Yeah, that was quite the hill fest! By the way, I'll likely be upstate again next weekend. Let me know if you want to ride. I could also join RBC and ride with you guys."
"Aug 23, 2020, 1:27:12 AM","OK, thanks."
"Aug 23, 2020, 8:57:12 PM","[strava://athletes/502772/14]Scott Crawford If the extension doesn't work, you can download the file here: https://www.dropbox.com/s/9yu0xvjrljyhjrl/Two_Bridges_Ride.gpx?dl=0"
"Aug 23, 2020, 9:15:33 PM","Thanks [strava://athletes/190571/21]Christopher Schiffner !
"
"Aug 31, 2020, 12:43:40 AM",Didn‚Äôt make it. It was getting so late It was better to turn around. 
"Aug 31, 2020, 3:11:53 AM","[strava://athletes/2588733/17]Natalia Zamparini Yeah, the Cuomo bridge opens up all sorts of possibilities!"
"Sep 5, 2020, 7:46:43 PM",Try unpairing the garmin from the iPhone. 
"Sep 5, 2020, 9:39:36 PM",Must be mountain biking weekend! 
"Sep 5, 2020, 9:57:15 PM",I know! Had a blast! Definitely planning on doing more mountain biking before the end of summer. 
"Sep 5, 2020, 9:59:42 PM",Thanks! Hadn‚Äôt mountain biked since I was a kid! 
"Sep 6, 2020, 12:46:35 AM",That‚Äôs a monster ride! Nice!
"Sep 6, 2020, 3:01:08 AM",[strava://athletes/18661259/11]Cassy A Cid definitely will!
"Sep 12, 2020, 10:43:31 PM",You got it back! Nice! 
"Sep 12, 2020, 11:34:17 PM","Yeah felt good to do some climbing. Perfect weather too! By the way, are you not seeing the WhatsApp Messages?"
"Sep 20, 2020, 8:16:28 PM",Same here! Stay safe!
"Sep 20, 2020, 11:22:34 PM",Nice ride!
"Sep 30, 2020, 11:56:17 PM",It‚Äôs a Giant TCR. Made the switch to disc brakes. 
"Oct 1, 2020, 10:38:26 PM",Great looking bike! 
"Oct 3, 2020, 11:37:31 PM",[strava://athletes/55915057/10]Lexan Cruz Are you joining us next weekend?
"Oct 3, 2020, 11:38:00 PM",üëç
"Oct 7, 2020, 12:18:39 AM",Damn!! How bad is the damage?
"Oct 7, 2020, 12:25:13 AM",Happy to hear you're okay!! These scooters are a menace!
"Oct 11, 2020, 11:27:02 PM",Thanks! Dude when are you riding with us? Winter‚Äôs coming! 
"Oct 11, 2020, 11:34:15 PM",[strava://athletes/190571/21]Christopher Schiffner Thanks!
"Oct 18, 2020, 8:14:41 PM",Very nice ride! Significant gains in the past few weeks! Next time I‚Äôm up there I want to check out Letchworth. 
"Nov 2, 2020, 12:01:19 AM",Really? I'll try to check it out next weekend.
"Nov 12, 2020, 11:56:33 PM",I think we were riding at the same time. Let's try to at least do a virtual meetup next time!
"Nov 13, 2020, 6:15:32 PM","Doing structured workouts or something like Zwift or FullGaz make it more enjoyable, or at the very least less boring. "
"Nov 21, 2020, 9:19:54 PM",Those are some nice rides! 
"Nov 27, 2020, 10:40:16 PM","Yeah, great route!"
"Dec 6, 2020, 8:37:05 PM",That‚Äôs quite the animosity towards Whoop. üòÇ
"Dec 6, 2020, 10:25:41 PM","Yeah, I get it. I stopped using mine a couple of months ago. The accuracy was way off for me. I got up twice in the middle of the night to walk the dog, including a 15 minute walk... Whoop: great night sleep! ü§îüòÇ"
"Dec 14, 2020, 8:35:04 PM",It was a beautiful day here! Hard to believe we're in December.
"Dec 24, 2020, 5:28:42 PM",Nice! 
"Dec 26, 2020, 12:27:13 AM",Hey Naveen! Will be moving to the Bay Area in January and will be looking for people to ride with. Hope we can meet up at some point. 
"Jan 4, 2021, 3:08:28 AM",Packed up and on their way to SF.
"Jan 16, 2021, 10:26:52 PM",Ha! That‚Äôs exactly what I did today! What a first ride! 
"Jan 17, 2021, 1:56:01 AM",[strava://athletes/190571/21]Christopher Schiffner I couldn‚Äôt have asked for a better first ride!! 
"Jan 17, 2021, 2:28:51 AM","[strava://athletes/190571/21]Christopher Schiffner Are you upgrading the groupset? Campy? üòÇ Yeah, trainers are almost impossible to find. In fact, anything bike related is impossible to find. "
"Jan 17, 2021, 2:29:35 AM",[strava://athletes/4052620/17]Vladimir Floresca It‚Äôs not even a fair comparison! 
"Jan 17, 2021, 2:36:51 AM",[strava://athletes/190571/21]Christopher Schiffner Noooo! Don‚Äôt join the runner‚Äôs club! üòÇ sometimes taking it all apart and rebuilding is the best thing to do. Hopefully that solves all the problems. 
"Jan 17, 2021, 2:53:03 AM",[strava://athletes/523123/17]Naveen Nandigum ‚ìã Let me know if you‚Äôre up for a ride at some point. I‚Äôd like to explore some of the routes I‚Äôve seen you do. 
"Jan 17, 2021, 2:53:43 AM",Whoa! Nicely done bro! 
"Jan 24, 2021, 7:12:08 PM",Yikes!
"Feb 2, 2021, 5:32:07 PM",Thanks Ryan!
"Feb 6, 2021, 5:19:24 AM",Is that Google tracking you? 
"Feb 6, 2021, 6:36:48 AM","Ah, got it! üòÇ"
"Feb 6, 2021, 6:37:40 AM",Let me know next time you want to ride. 
"Feb 7, 2021, 3:04:30 AM",Maybe 700-800. Can‚Äôt pinpoint exactly where it‚Äôs coming from. But it‚Äôs driving me up the wall!!
"Feb 7, 2021, 3:23:26 AM",It sounds more like a click and it seems like the crank/BB but who knows. My other bike was making a similar noise but it was the rear wheel. I just hate noises on my bike! I was ready to toss it down the mountain the other day! üòÇ
"Feb 7, 2021, 3:32:40 AM",Not ceramic. Nothing fancy.
"Feb 21, 2021, 1:39:15 AM",We should do that ride soon. Looks awesome! 
"Feb 25, 2021, 4:13:38 AM",That‚Äôs awesome! Definitely want to do that climb again! 
"Feb 28, 2021, 1:42:06 AM","Damn. Don't know how you stay so long on the trainer. After an hour I'm ready to toss it out the window! LOL!
"
"Feb 28, 2021, 1:44:05 AM","Have you given up on the bike? lol
"
"Mar 27, 2021, 12:17:40 AM",[strava://athletes/523123/17]Naveen Nandigum ‚ìã Trying hard so I can at least attempt to keep up with you on climbs. haha!
"Mar 27, 2021, 11:48:08 PM",It‚Äôs amazing! Let me know next time you‚Äôre in SF. Just moved out here. 
"Mar 29, 2021, 7:13:47 PM","Man, don‚Äôt think I could ride with you anymore Manny! You‚Äôd rip the legs off of me! "
"Apr 1, 2021, 4:48:56 PM",Thank you. It helps that the scenery is just amazing here!
"Apr 2, 2021, 6:54:02 AM",Well done!
"Apr 10, 2021, 4:46:26 PM",Nice! Welcome back!
"Apr 25, 2021, 1:37:43 AM",That colorway! üî•üî•üî•
"Apr 29, 2021, 12:31:07 AM",ü§© wow! That‚Äôs a beauty!
"May 6, 2021, 10:26:51 PM",Doesn‚Äôt look like you missed a step. 
"May 8, 2021, 12:57:59 AM",I‚Äôm not on Peloton unfortunately. 
"May 14, 2021, 4:46:46 AM",Wow. Beautiful!
"May 14, 2021, 6:12:13 AM",Likewise! Hope to catch you again on a ride down the road!
"May 22, 2021, 10:39:08 PM","[strava://athletes/17912651/13]Joe Montanile It was an amazing ride! Next time you‚Äôre out here and you have the time, let me know. "
"May 23, 2021, 3:15:07 AM",The wind is really getting to me! I feel like I need to be done riding by 11am. 
"May 26, 2021, 10:50:27 PM",In that case I'll be there! 
"May 28, 2021, 8:45:08 PM",Nice ride! Wish I could‚Äôve been there but great to see you guys out riding!
"May 30, 2021, 2:26:51 AM",Great ride! Wish I could've finished with you guys.
"May 30, 2021, 9:02:17 PM",That's considered a flat route around here. ü§£
"Jun 12, 2021, 11:57:11 PM",Nicely done!!
"Jun 26, 2021, 4:21:04 PM",How does it feel to be back riding in NY?
"Jul 6, 2021, 5:05:46 AM",Thanks for sending the link! 
"Jul 10, 2021, 12:38:32 AM",Good to see you riding again! üí™
"Jul 10, 2021, 11:41:02 PM",Nice ride! 
"Jul 11, 2021, 12:06:59 AM",Never want to see these posts‚Ä¶ hope you‚Äôre ok. 
"Jul 16, 2021, 5:46:42 AM",Nicely done!
"Jul 17, 2021, 2:39:28 AM",Glad you finally got the road bike back! 
"Aug 14, 2021, 7:59:21 PM","It was my son's birthday, 3 years old yesterday. "
"Aug 14, 2021, 8:02:26 PM",Thank you! 
"Aug 22, 2021, 9:22:17 PM",Didn‚Äôt know you‚Äôre were riding in the East Bay. Next time let me know.  
"Sep 10, 2021, 7:08:02 PM",Remarkably flat for the Catskills.
"Sep 10, 2021, 7:46:23 PM","Running, bad. Riding, good. "
"Sep 10, 2021, 7:54:01 PM",True. Running is a quick way to get a good workout. 
"Sep 12, 2021, 9:15:17 PM",Always makes me happy seeing you on the bike! üëè 
"Sep 12, 2021, 9:26:40 PM",That‚Äôs quite the day mountain biking! üëè 
"Sep 12, 2021, 10:55:29 PM",Wow! 
"Sep 12, 2021, 10:57:15 PM","Yeah, come on over!"
"Sep 20, 2021, 4:22:19 AM",Ha! I think I got that riding over the speed bumps. üòÇ
"Sep 27, 2021, 1:44:26 AM",What happened to your arm??
"Oct 3, 2021, 10:46:49 PM",That looks like a beautiful route!
"Mar 17, 2022, 7:08:54 PM",Oh crap! Hope you‚Äôre okay. What‚Äôs sorta? 
"Mar 18, 2022, 11:53:06 PM",Wishing you a speedy recovery! Looking forward to riding with you again! 
"Mar 18, 2022, 11:53:37 PM",Welcome back Priamo!
