Photo Filename,Photo Caption
photos/6DD731AE-AAA3-4590-B0DF-FA31C666AAC9.jpg,""
photos/ADD52C1A-B822-47B3-96AE-B8DC9A7A5778.jpg,""
photos/AE3CC35C-3DFD-46B2-A93E-5DD5A91A6A9D.jpg,""
photos/65FE0FF3-3B6F-4AB0-B711-2386C7E0A09F.jpg,""
photos/B23488F9-86C2-4556-BD77-E685F54B32A2.jpg,""
photos/0996E666-02DD-4C47-BE4C-AD81561B5CC1.jpg,""
photos/54DC14E4-7F44-4C72-9B2B-B9E425E21D2A.jpg,""
photos/5463EB97-32C4-4F8B-8B25-2580F4626630.jpg,""
photos/49157629-BBE4-404E-A743-D3FD18B3FDA5.jpg,""
photos/5234305F-FF74-45BE-81EE-B62E8F7EC3FB.jpg,""
photos/1092FDB4-FEB8-4DE7-A91C-A42668235A29.jpg,""
photos/448E60C3-5983-42B5-8E29-1D7D6A44AE49.jpg,""
photos/48723067-EC28-4AF3-9312-EBBE054056F6.jpg,""
photos/C14F8CCC-CBB5-4592-822D-071772A5046B.jpg,""
photos/FE2291AE-B028-4C05-B8B4-770081D5D0AC.jpg,""
photos/2c93a92e-fb8f-4b09-b4b2-a8ef76da0892.jpg,""
photos/fe30932c-73da-4d32-acf1-172ad8eb6e52.jpg,""
photos/9c7226b6-099d-474c-91c0-8ec5347948e7.jpg,""
photos/6ab9c2f6-5e42-43ab-a866-c00ba7a5f5fb.jpg,""
photos/7bce379e-9145-4701-9435-3e367c470fe6.jpg,""
photos/21a85246-aad3-452c-a4d3-bd738e3f2ed8.jpg,""
photos/0F983F5A-0837-4171-9AAB-EB1364E17135.jpg,""
photos/220BCF6F-4438-4E49-979A-9FF1C7FB8A91.jpg,""
photos/ECAFB904-1DEB-432A-95B8-4D289987F210.jpg,""
photos/95EF7386-B99F-4D8F-968C-CD85333C61A4.jpg,""
photos/0E63E1F1-C25B-4F0D-9959-172233029176.jpg,""
photos/28D91FF3-C9D6-45C9-8B2F-1581465E6303.jpg,""
photos/1E9DE978-4E16-4838-8DDF-23A6894C319D.jpg,""
photos/1443819C-1D46-4595-8275-1E168AD92CCB.jpg,""
photos/732DB42D-2E4A-4D22-A0AF-3061263ABCA6.jpg,""
photos/65501C52-A331-423D-9B3E-CD973BB9DB9B.jpg,""
photos/195A4C95-7E6E-43A7-BACF-5CCA4EDCE3BF.jpg,""
photos/C730FF5F-FA2F-4A52-88BC-9E2DEF6A5A21.jpg,""
photos/F7A2142B-68A6-4A5E-9EDC-1C670C302B62.jpg,""
photos/393336FC-14C6-47B9-84A3-1AFCBA1E60E9.jpg,""
photos/51979F57-7F50-4470-9CDC-F4B59D5CE3C2.jpg,""
photos/332F1060-DDF3-4812-8DCD-40E37AC840E8.jpg,""
photos/4590BA99-D6BE-4E7F-9A46-FB88D0DE1EEA.jpg,""
photos/830BA45B-1ED5-420C-8341-AD26692430C5.jpg,""
photos/f680e1c0-11d8-475d-bf63-d551e7da1061.jpg,""
photos/0be8dc87-7c6f-413c-8922-27ad808662ae.jpg,""
photos/ead26e90-d800-4e51-be4e-2654a76c9d72.jpg,""
photos/71671138-e304-4baa-b33f-af57b97cd1bb.jpg,""
photos/a8450da2-eb6e-440b-8756-a3720d66c79b.jpg,""
photos/6d0958dd-bc55-4030-a689-744b130fb7f8.jpg,""
photos/14378255-df0a-49c9-a99b-1dac6bfae1fd.jpg,""
photos/11c32d7c-c47b-488e-8520-936783bd2de1.jpg,""
photos/4c150b54-192d-465e-8dd5-83e7ce7c876b.jpg,""
photos/e988d879-612d-4797-84b8-4e2cc05d6259.jpg,""
photos/f8db13af-2fa5-4b58-b2d4-705057d438d1.jpg,""
photos/B00FC548-5542-41AF-9C7B-306BE20A3198.jpg,""
photos/E1B90A1E-D598-43DA-A6E8-50583F0BB2DE.jpg,""
photos/23B231E9-1B1B-4AD2-ABA3-C5560870AAB7.jpg,""
photos/5096ED16-B596-4CA9-90F4-561264E4C635.jpg,""
photos/6DE4BEBD-D7A6-4E69-AC46-63BAD7D3D8A0.jpg,""
photos/F827F047-9BEE-4217-8DB1-3F4AA1A0D257.jpg,""
photos/CBC00BB6-B137-4AA3-BFA2-A345632534B6.jpg,""
photos/C050CF72-A4BF-4C5F-9CF2-ED563E2F5D6D.jpg,""
photos/FDEEE428-E60F-4310-901E-7EEBDA583EF3.jpg,""
photos/EB78CF06-6372-4370-92E6-D8F9D8A758EB.jpg,""
photos/C1A7EE11-7C2B-435A-9AD5-8079D6752241.jpg,""
photos/FCE0D08B-A0BB-48BD-9E8B-E45843325424.jpg,""
photos/7E94BFC4-AD47-40FD-83EA-6843C25AC2E1.jpg,""
photos/A63F334E-F111-472A-A490-960B84270381.jpg,""
photos/B5EAB4BC-F270-49D9-914B-1638F40034C5.jpg,""
photos/B7A77485-562C-4489-89F5-C2A862A13FDA.jpg,""
photos/85A0E84E-C2E1-4887-8FAB-91365ACC78B4.jpg,""
photos/17217D24-ECD2-4F0F-B593-86D3B5313777.jpg,""
photos/E3207003-799F-4846-80C4-F11B06A94DF8.jpg,""
photos/F3700D9F-F66B-41AE-B904-B6FDCC27DAF3.jpg,""
photos/997920C2-786B-49E0-9CE7-56D9D488774F.jpg,""
photos/EE9A6825-28FE-4428-B212-02A3B06FED27.jpg,""
photos/8D27A230-12FB-4513-AE38-C739A64A2940.jpg,""
photos/D8564128-F7E2-4D4E-AEA1-635CC549506F.jpg,""
photos/1FB72B2D-63A2-4551-A5A5-4139B9320422.jpg,""
photos/EA83E94A-EE48-4923-A303-4641367847B2.jpg,""
photos/DB3D0768-8F4E-4E44-98E9-EEACAE7F25D2.jpg,""
photos/AF6EC4E5-6770-406E-8819-C495432DC929.jpg,""
photos/E69657C5-831D-4D4B-89FD-ABDA02E80156.jpg,""
photos/A16BFFD9-3B4F-4285-B7A1-75C123107B6F.jpg,""
photos/58248B9D-C8F2-42D9-84DE-9CFEE7926917.jpg,""
photos/EBFDBCCB-33A6-470A-A32F-D2B8F901A7EB.jpg,""
photos/59B49135-5289-4A66-A86A-52092050A3F6.jpg,""
photos/8FE8606A-0C79-4F7A-82BA-8BD85F6A2322.jpg,""
photos/0DE2F6C7-19CB-4231-8775-F3B48B2BA70B.jpg,""
photos/C3A17689-DCA0-4A59-9696-E0BA0BD1B10C.jpg,""
photos/419B694B-96CB-4865-B287-F38C19CC8645.jpg,""
photos/E293D434-C35A-495F-9CFC-FB08DA18BDC3.jpg,""
photos/A992EB27-B125-4959-A4FD-4B0762D850C3.jpg,""
photos/7650D633-4C5D-44B6-9FFB-2E1100D56D16.jpg,""
photos/EF5DBDDD-F3B4-433F-AA27-D7E1267F3170.jpg,""
photos/ED2F32EB-9FBE-49B1-8720-3650B2CA5F2F.jpg,""
photos/0D1237B6-4205-4275-8A41-DC153548BA08.jpg,""
photos/7FB8F792-0669-4B1C-A4A9-269ACE5E508E.jpg,""
photos/EEB7F091-CB30-428E-B228-ED1532CEDF4A.jpg,""
photos/3E6D7E5D-6B59-45B9-B9F9-CF338C57D2CF.jpg,""
photos/61600DD3-A23E-4566-A2A3-4EE765D847B5.jpg,""
photos/E5864B32-AA73-4D28-969B-9A144DEA305E.jpg,""
photos/80C5D84C-51D1-489A-87AE-2FC44EF3EC4C.jpg,""
photos/1681DCCE-2136-4084-98E6-33ED6C0697B0.jpg,""
photos/B7CA2E5D-492E-4743-B538-B1C7D1B93476.jpg,""
photos/519D7186-9B93-4FE5-91AD-C309F43C3BD9.jpg,""
photos/4FA2CCAB-79C7-42AA-BAA6-6043C41E0B7D.jpg,""
photos/2197BBE6-A8DC-40A2-AA44-53744505DD13.jpg,""
photos/275DC335-D740-472F-BE9F-B1717F8999F8.jpg,""
photos/651B322A-A750-4900-8612-C09EE403DD96.jpg,""
photos/3C802EC2-39D2-441E-8631-99F4F9847C3F.jpg,""
photos/E37E1318-C7A0-4E15-9E8E-1D6CA32F59F1.jpg,""
photos/DDC043E7-3A05-4D60-82B1-90B3B29028B4.jpg,""
photos/234732AC-2A6D-432E-86BF-5F0F6BAE2912.jpg,""
photos/6ACBD13A-4DE0-4D01-8700-1BD81DD4164E.jpg,""
photos/309E40FD-EFEA-4A9E-8FB4-F00FDFF0557E.jpg,""
photos/6BD1B1B7-8AB6-4605-8EB8-D40548888F57.jpg,""
photos/F1791D49-3E96-41D3-8796-C679B0133337.jpg,""
photos/12097B7D-DDF5-4334-8560-8EB4ED7CF6F5.jpg,""
photos/040FE03A-A2E8-46F0-80CF-91EC1577B7CC.jpg,""
photos/BDF647AE-8CA0-4790-B08C-C3D75E3D958F.jpg,""
photos/3A75D5E1-948E-4EF1-9CA8-CBB0F62D16F3.jpg,""
photos/0912DE2B-C1E0-45A7-85A5-D8F4B5918A9B.jpg,""
photos/AAC62262-BB74-4E72-A24F-3ABDBEFB4EE9.jpg,""
photos/752FE9C7-93D4-4F60-BB01-C3876798D57D.jpg,""
photos/C8874888-E093-4E7C-8990-C2B0C8905E5D.jpg,""
photos/C976002C-7000-49AC-9FDF-F66426C960D5.jpg,""
photos/70F9A28E-B146-4796-B539-A56576292333.jpg,""
photos/45B018D1-65DA-4B84-8F47-9D7262DD2727.jpg,""
photos/65C4A048-CF68-4C59-B463-0DC22600DD49.jpg,""
photos/A10D34EB-D138-445E-9E4E-3E3221EE0223.jpg,""
photos/5C9B817B-ED3C-400B-A9B2-68FBE9725919.jpg,""
photos/1E240A25-BEB7-43C2-A811-33C2DC2AF2C5.jpg,""
photos/033132F1-C8B9-41DC-B7F2-B88287EFA08F.jpg,""
photos/064D6AC7-D5D4-41EA-8A17-AA7D1E918166.jpg,""
photos/557313E7-CA8D-4C5A-AFA3-259B017F43E3.jpg,""
photos/016C2A38-0183-4016-8A67-7F8724DCD83B.jpg,""
photos/B598BC93-5C16-4A2F-AD9D-F5DCA39E289F.jpg,""
photos/026EE226-B1AE-4A7C-B622-2234D6223EC3.jpg,""
photos/534964A9-A022-44F2-ADFF-A31F70414543.jpg,""
photos/AB97A7B3-E976-46EF-A72B-14B0C49CCFDF.jpg,""
photos/C905FBC6-35CB-4EE1-830C-2981626E166A.jpg,""
photos/68EF7E5D-AEE3-4596-A704-A9B478A250C5.jpg,""
photos/C41F5024-8E9D-4786-AC3D-BA445CE9794B.jpg,""
photos/37EDDDF9-4DAB-427C-BEEE-9C943B2DADB4.jpg,""
photos/2A0FF8B2-45D0-4D2E-A135-D3769DCF453C.jpg,""
photos/4E79063E-08AA-4824-AFAF-342BED9D1DD5.jpg,""
photos/D6C457AC-A0D2-47A6-8B5F-9D5CEEF700C3.jpg,""
photos/31DE9559-E3FF-4952-A093-1041CE06FC2B.jpg,""
photos/3E7DB8EB-AC76-46BD-B208-88E930399910.jpg,""
photos/A4780061-2C56-43D9-809C-6419BAB80CAB.jpg,""
photos/62CAF326-F038-484D-8A33-7301D7A4A865.jpg,""
photos/DCF8763F-66B7-4DEA-AE55-2FD2AD407729.jpg,""
photos/82B821D2-AA9F-44CB-BF1C-BB340BEFB6A7.jpg,""
photos/ADF2E7AF-1239-408D-B396-5534A01A5F21.jpg,""
photos/BB22B298-E9A2-403F-BB22-8C0561F362A8.jpg,""
photos/0F05B17F-E7A1-4FD4-88B8-D46BEBB447DE.jpg,""
photos/1483FA03-486F-45A7-9450-F3FB707A84DC.jpg,""
photos/B750D276-6CBE-48E9-9DE0-78C26CB00261.jpg,""
photos/8F1D4FBC-363E-4CE4-8D1E-51227182028A.jpg,""
photos/9AE63C24-4D2A-4E97-8D9B-B8583A47867B.jpg,""
photos/7C39D6A4-ED62-4F2D-BC57-AA466BAF104E.jpg,""
photos/5911E453-9019-4ED6-816B-A7B4BE3F82D5.jpg,""
photos/C487EC72-F92A-4DFA-9F75-28A59B39263B.jpg,""
photos/5C5E2360-18E1-4D8A-99DE-31F9278DD9BC.jpg,""
photos/8760619B-1C69-4F88-8E0F-6F143E48384B.jpg,""
photos/B03AC5A9-7E87-444E-B9A8-FF3450CF3224.jpg,""
photos/24BD3FA9-FC7D-478F-AFB8-4FEB272C7EB0.jpg,""
photos/874A9A9F-DEE2-4949-A8E5-CA696A37391D.jpg,""
photos/D9848759-0BC0-411A-9EAE-4376A133A821.jpg,""
photos/D292DF41-F57C-4D7A-B171-7399FE5794A2.jpg,""
photos/6875DEEA-7EC6-4519-989D-2A54AF0B1C81.jpg,""
photos/28397696-FE92-4723-858E-A96758713AD6.jpg,""
photos/CBF88284-2D1F-4012-B7C2-ADD73EFD94B7.jpg,""
photos/0145FB67-23B0-4D7A-810D-F75AACDED956.jpg,""
photos/ADC48FCD-645C-4738-A270-623F2148B880.jpg,""
photos/CACF5C4F-D48B-42E0-B7C1-1A45F320FDA2.jpg,""
photos/35D28E0F-8FB4-4929-906C-8E3CF6C759F4.jpg,""
photos/ABE4A37C-634B-4AD3-BD58-572922A945F1.jpg,""
photos/BBF4E58F-920D-4142-86F9-7476C25F2371.jpg,""
photos/07B943C4-C689-4DDB-BB45-8819E65C0479.jpg,""
photos/67150A5F-8476-4EB9-B680-AEECF7E4EB8E.jpg,""
photos/DBCD45E4-DD96-4977-91C7-2578408FC02E.jpg,""
photos/B8048D22-F551-4E01-BE5C-7BFC70BA4B8B.jpg,""
photos/0C540A96-F87E-4011-9593-8C0B7084EC3D.jpg,""
photos/0196FCB8-1AB3-4E31-B442-F369E1B765CA.jpg,""
photos/4D926EC5-67BE-4A04-88D4-B5BD2A293C1A.jpg,""
photos/927DEE6D-3AAE-4C81-BF03-DA504DCFB9D1.jpg,""
photos/9FB699EE-6C4D-4736-BB43-92E9B7235F9A.jpg,""
photos/cbd39e66-fc17-445c-914d-f2b88c3c1707.jpg,""
photos/698C5F72-4289-47B6-BE5C-D8F705C60E58.jpg,""
photos/2F160B58-BCE0-4147-BA42-3453A49D2149.jpg,""
photos/AC6B447A-A7CA-47CA-A227-1F5B05AA6C85.jpg,""
photos/093F973F-A23F-4C21-81EC-A036361D9678.jpg,""
photos/06453FC7-BCF7-488B-8AE6-7330257B8926.jpg,""
photos/E9D2B91C-A18F-4FC8-8A33-5855CF7CB942.jpg,""
photos/3AE39119-5DF4-4E2F-B526-359780C69B6E.jpg,""
photos/2EC64C1E-838E-4650-A628-EFBCBDC028D8.jpg,""
photos/CB0396C0-1C65-4841-A51C-F3532F6C1D98.jpg,""
photos/5BF65435-1888-428D-AD51-D6EEA6FC8D7B.jpg,""
photos/42F21F87-8BFC-45BD-95D1-5563756CAA11.jpg,""
photos/9CF8BB2A-3944-4F5A-85FE-3BC7CCB71E3A.jpg,""
photos/2B0E48FA-5816-41BA-8E75-C8DD9959A430.jpg,""
photos/43716520-AA91-4EB2-A08E-D5922ACC5C2C.jpg,""
photos/FEEA1BAF-9DEA-4BD7-B3DD-C52E236D63B8.jpg,""
photos/179ADD04-7AF3-4CEC-B76B-D2ECF4B62563.jpg,""
photos/8FFAC8CB-937B-4585-BEF3-29EF986AB7DD.jpg,""
photos/C2CA4E00-69DA-4F5F-AA60-BAF51DD8159E.jpg,""
photos/D13A8C42-DF63-4C1A-B4D2-3175E18A63B2.jpg,""
photos/4588A00D-7D17-4935-BC37-766EA124683A.jpg,""
photos/0895123C-F892-4DE8-A244-DAE8C5367BA2.jpg,""
photos/54DAC521-AE35-4F42-BB69-E69011D5871A.jpg,""
photos/F3DAE69A-B0C2-4B76-9B91-1B2A99B37432.jpg,""
photos/6D451409-D4D0-45F6-8B76-2A9CB0EF9153.jpg,""
photos/E05F670D-4B27-447C-BE2D-ED36B2B9046E.jpg,""
photos/942437A8-7B58-4506-A866-7D17103626FE.jpg,""
photos/5EB0C109-98F1-4F4B-AAB7-41AEA83AB9BB.jpg,""
photos/00AEE288-7652-4879-9493-2C1CC06398B0.jpg,""
photos/F55612F2-3804-49A7-9767-89976654F4E1.jpg,""
photos/F0EA106E-09C2-4154-88AB-4BF6DDC540DD.jpg,""
photos/E35CAC90-CD70-4A57-A229-0B875A560BFD.jpg,""
photos/A03EBB5D-78E2-4CF2-ACA4-8375F776C17A.jpg,""
photos/8A631C75-1FF4-497F-B21B-F9EC7A78A112.jpg,""
photos/FA1402BB-E170-484D-AA2A-2FC88FB505BE.jpg,""
photos/096F911B-E7A2-4EE3-AC89-6CF73678782E.jpg,""
photos/5F4F8FA3-CF9E-4827-9B89-443953174767.jpg,""
photos/EDF99772-4385-47DB-BCD8-1DD3734AEFAA.jpg,""
photos/777E4DA1-EB21-473D-9761-4EBB34CD50CE.jpg,""
photos/88700599-B300-47CC-80DC-1F2DBB7A0F60.jpg,""
photos/8F43B8E9-0524-4A02-8759-C92C4EC12779.jpg,""
photos/DCA1EC8D-99DC-41FB-B9B1-0AD5A07AF6B6.jpg,""
photos/946076AB-2BE5-4204-AB64-EAEFF9D17435.jpg,""
photos/B6863166-0C69-42BC-9159-87E567C2537B.jpg,""
photos/06146472-823B-4BCB-BACC-ACD6C6278748.jpg,""
photos/3CDC5800-D532-4147-AA0E-5FF55D1AADC1.jpg,""
photos/F359F764-5FF6-4031-85FD-88B340705E56.jpg,""
photos/7E66DBA4-5C67-4141-9027-827DB7721B09.jpg,""
photos/CE38DCE8-0FAA-4991-821E-6D2B490D68F8.jpg,""
photos/37DA1B62-3029-45DB-81D2-3B0C233CB4B4.jpg,""
photos/4A5325C6-A736-4CA2-ABC8-1640C90FEBCC.jpg,""
photos/903A09C4-B3A0-45D8-A4EA-1E855F54BB94.jpg,""
photos/4035E52A-3531-499A-B9B7-E68945BD7F29.jpg,""
photos/B6EE2695-637D-4CC0-ACFF-7D3F91A9B657.jpg,""
photos/0FA94B52-C202-451E-94DB-D7A126B53F93.jpg,""
photos/9DDF307B-72F0-4EEB-97A1-17F5D02F3D46.jpg,""
photos/2A051A5B-C11D-4E3D-9AE4-AC472EA0CD87.jpg,""
photos/51CB5FA3-67BA-455F-BE2D-DFD9A5F97F46.jpg,""
photos/C2EC22C3-7AB8-4055-9F87-B86C16B26E02.jpg,""
photos/0083BA16-0AE8-4011-948C-2A6B2EA4DD54.jpg,""
photos/2736AB8E-F8B1-43B5-A50B-348B029352EF.jpg,""
photos/67E834E7-FFEC-46BC-AC73-B5E74871B581.jpg,""
photos/B0FECB50-D218-46F8-8DD3-884E156E2707.jpg,""
photos/7412D3A3-B02F-466E-A588-4C59000C3A95.jpg,""
photos/BD58FCDF-B8EA-4AF7-93FA-BCAEAE62B8CD.jpg,""
photos/ECBE397A-9E5B-42AF-8987-7F9BA6537620.jpg,""
photos/76D4D597-F2FD-4151-8BA5-995E40F3FE42.jpg,""
photos/60C3165A-3EC8-4B63-925F-7BECF299F0CA.jpg,""
photos/7DC32969-16ED-4B0D-8BD5-037B67CA8964.jpg,""
photos/3CEBD16B-FB04-4658-856E-B59693D7DC35.jpg,""
photos/DC248F71-3248-40E5-B850-576BDE203623.jpg,""
photos/4E7C6804-1A68-4440-B59E-FE5D8FF8CC23.jpg,""
photos/C00AA66F-8A3F-4992-B5EE-1228D91B45DB.jpg,""
photos/8F3CA052-A0B5-4CFC-98DB-6EAD06A4CAE0.jpg,""
photos/E010BA51-F40F-49FC-A0C0-52347716A21C.jpg,""
photos/61796F64-68DD-4F54-9B1D-F8D27571205A.jpg,""
photos/4B4CD787-BBC5-46C5-9A22-44EC0A09787B.jpg,""
photos/2E600386-2269-4242-B1E3-106CF9C4DB3A.jpg,""
photos/D58D144B-4BBD-4F1F-B2AF-7EF5AE1A33BA.jpg,""
photos/DA6BC043-24C4-4654-A440-ADB798C6C549.jpg,""
photos/149a6664-5d5a-44cb-a00f-18eaabc564f1.jpg,""
photos/c3c5ed82-e504-40ed-baa4-104e538184b8.jpg,""
photos/e692712e-44cd-487c-b402-10183a0bb492.jpg,""
photos/8e9d9153-7f28-4621-a5bc-b196be74aaa1.jpg,""
photos/4a7e3dd6-19da-436c-9b02-28e2856c58f2.jpg,""
photos/B86EE721-8EC0-45F7-B46B-EA1B251EEBCE.jpg,""
photos/618817da-d762-4ea3-b659-ce6c2a783550.jpg,""
photos/1a66a17b-cc54-4577-91e9-946ab120fe94.jpg,""
photos/d6334e33-a0df-482b-bd1a-5bffd73d1ff1.jpg,""
photos/6DD27EE4-0834-4AC0-84B9-5E26FCF86900.jpg,""
photos/DEE13038-B13B-42D1-BE9E-9A72E34B8387.jpg,""
photos/ef923d4c-8146-4a53-ae23-14d4af85d230.jpg,""
photos/65a1f9ee-84f0-4063-8baa-73ae2e8771bb.jpg,""
photos/d7853e58-610e-47c9-a917-3b7a709e8e5f.jpg,""
photos/8b83b46c-d5c9-4341-851b-f0a30a1add2b.jpg,""
photos/8d3cc3ee-fe50-46d6-9c67-fe5677828cf3.jpg,""
photos/F2B03A97-CDC2-4CB1-A11D-E56FDCF0872B.jpg,""
photos/9AA4CDBA-4265-440B-AE88-95C363D687A7.jpg,""
photos/F4B5ACA7-65CF-46D6-A62F-94ECFBAF5F9E.jpg,""
photos/65136E70-B61D-487B-8CF8-7C2596D3C441.jpg,""
photos/86c8b813-6bf7-42f1-becd-c4253f366cc6.jpg,""
photos/586835E0-3903-464F-AD8D-FCE33ADA23CE.jpg,""
photos/B47157AA-3B5E-4696-93B0-235AAF86D82A.jpg,""
photos/6C73364D-6C3F-4B33-A923-68FAC923375D.jpg,""
photos/E2C57EB5-81C0-437A-9584-685C09E99280.jpg,""
photos/E8A50B4B-7C5C-4EE5-A1B9-5CE3082E65D5.jpg,""
photos/8E9BBA4A-D2E8-4795-95AC-D79EAAA6D87B.jpg,""
photos/eb0adb74-0bbf-4d3e-af48-a1cbcd6529a8.jpg,""
photos/5616D309-32B9-4045-9351-1740BB1DDFD2.jpg,""
photos/7D50B65B-7DB6-4C55-BC99-1B228E5E6812.jpg,""
photos/CF9629AD-6E6F-4013-A144-95825D68D638.jpg,""
photos/7B7CC35F-9CDF-4E13-B1DC-A73DC21247B9.jpg,""
photos/0F8615A2-984D-4A42-9B95-299B14A1A080.jpg,""
photos/c36cb342-d6dd-4878-96c3-9f300fa9028f.jpg,""
photos/2b1efb61-1434-43cc-9a3c-7ebfac806c87.jpg,""
photos/1e102fb2-0c70-444e-b4fa-24027b07ff6b.jpg,""
photos/57f4086a-13f7-4d7d-835e-eac2ab396eb4.jpg,""
photos/459f5fa9-1132-4410-ae60-28a8068a2f9f.jpg,""
photos/ee6edc1a-4e3c-4787-971e-87a346a6ffe4.jpg,""
photos/2e77316b-bc1a-4beb-ba5b-b06792432988.jpg,""
photos/F29CD4E1-FF6F-43A7-B2A8-EF24D4676D75.jpg,""
photos/889B4473-AC11-43F2-A7F3-A9C20900CC65.jpg,""
photos/0AE05C85-0805-4FB8-BD1C-9CD9308664DA.jpg,""
photos/1CF2D179-7259-4646-83F9-67E50E1EFE20.jpg,""
photos/F69B4BBF-EC6F-431D-BAA4-D3C10E341650.jpg,""
photos/8FF0954D-6673-41F8-8EB9-083EDA996BEB.jpg,""
photos/E749821A-F873-4396-B0ED-17747A121D7A.jpg,""
photos/6505A96C-8CE9-4481-9AE2-09A85E322D19.jpg,""
photos/EA145F86-003F-4A07-B1D5-B332186C348E.jpg,""
photos/25835EA0-15AB-4519-A5C1-5E72B61C41A0.jpg,""
photos/A278A6B8-785B-4C39-BA64-96D68ABED020.jpg,""
photos/B1CB544D-D046-498F-8E49-0E44E479DD1F.jpg,""
photos/843b7abd-db88-41d0-a81d-cfff698721e3.jpg,""
photos/491fb29a-b4bf-4f01-a7ae-d8604b7d31fb.jpg,""
photos/A1083031-06BF-4054-BC7A-AA78FAFAAF0C.jpg,""
photos/888163E3-30AE-4886-B196-DACD81F2E8B9.jpg,""
photos/4ce5520d-2cc4-456b-aced-dd7dc897d5b0.jpg,""
photos/8457899C-C48F-4E0B-9F39-16B5F4869F01.jpg,""
photos/433C06D4-47F7-48B4-9E0B-60F30401D4DC.jpg,""
photos/5B52F5B2-BE1A-402D-85AB-99FCDEBF7038.jpg,""
photos/1787B433-9E3E-4294-8E39-F385DFFFD8D8.jpg,""
photos/881CF844-B244-48B5-9C2E-AD4C31A59A3C.jpg,""
photos/269be22f-4550-47ba-94d1-fba325c27660.jpg,""
photos/776a0929-dd65-432a-b701-fc9fcf06f42e.jpg,""
photos/5b8dd39c-6a1f-4e4d-b0d2-e9f200c08714.jpg,""
photos/462351f9-03e3-4acb-bbef-1af74513f420.jpg,""
photos/9745c4a7-7723-4b80-9028-224544cdd51f.jpg,""
photos/BEEC0686-C555-4720-8832-80DCD51367C7.jpg,""
photos/3CDBCAFB-8A1A-499C-A91D-86AE0B2084CE.jpg,""
photos/B9D37DE6-AFB9-4125-90A9-E44BEEA8693A.jpg,""
photos/252DEC7A-87CD-4628-AA16-9C6F58C2F47E.jpg,""
photos/64F84C2F-0D4E-436B-A23E-B217A37B53DF.jpg,""
photos/91C60FA7-6DEA-4285-8405-7BB65D609015.jpg,""
photos/84DC7897-8AAE-4ACA-8BA3-630A2988A3BE.jpg,""
photos/23EE276A-03E4-4DE5-B413-A1792D08C318.jpg,""
photos/020A1E98-EF93-4C04-BE81-868CE5B56A0E.jpg,""
photos/1FE6049F-7571-41D2-9558-90F5B4AD1465.jpg,""
photos/fc3fe47b-3af5-4be2-9172-7d9ed281bf58.jpg,""
photos/20be3abd-e351-42f2-bbf1-78c8c79e9bfd.jpg,""
photos/0427a3f3-d44e-4aee-bd10-82550fb59136.jpg,""
photos/1fab035d-4ae9-4f66-9782-a91ef0d3596f.jpg,""
photos/e0873946-fce6-46a1-ac70-f0bbc5fbc78c.jpg,""
photos/f86c41e7-4c90-4139-b8f7-31b1eef93536.jpg,""
photos/F823942E-D1B2-4DA4-B23C-D1C414BD68ED.jpg,""
photos/459EB8E3-3619-469E-87A4-17D500999F96.jpg,""
photos/7183018B-7C55-4D6D-8E2B-7E1FF2DF5D1B.jpg,""
photos/2d1d3793-2ed4-43e2-a7ea-4a890a44b5e9.jpg,""
photos/b7a35de4-2b58-4740-9d6a-020faf349519.jpg,""
photos/D4F4C1C2-3927-410C-A9B8-1B0CF3A056FC.jpg,""
photos/685DF523-20D8-45F7-9D42-461BB206FB2C.jpg,""
photos/CAEAE525-C38C-4772-BA65-B578EE43E5ED.jpg,""
photos/E8168741-8F79-422F-86E6-9BA34CD97703.jpg,""
photos/002F47CA-AE9C-4814-87D9-CA2D3D65FBED.jpg,""
photos/9b02ae69-77d0-4dc1-bc48-c828d833eb52.jpg,""
photos/36da5e48-fa6b-45d4-abc1-56553e0afffd.jpg,""
photos/9B3D3318-110D-4100-85D6-C5ABED728BB3.jpg,""
photos/1E91A420-7E01-49F7-ADC7-1F7B32141713.jpg,""
photos/E6049E58-C227-4663-AE05-2ECA85832458.jpg,""
photos/0F2937CD-EDC1-4841-A793-92B180D91FFC.jpg,""
photos/580A5B8E-23F4-43E0-8E0F-D7F2B4ADF0FF.jpg,""
photos/1F9D1820-FB05-4547-B393-97DC1BA105AD.jpg,""
photos/273346A1-0EE1-4DF6-BCDD-2F5A2634522E.jpg,""
photos/1C8BD832-75B9-4CF1-889C-9DF73C2F5259.jpg,""
photos/C55CF276-A04B-4BB2-816B-DAF19CD69C07.jpg,""
photos/f08067d1-8b3d-4e99-830d-a50427779682.jpg,""
photos/023B8E9D-62FB-4D2D-8DD7-BB9FCE1225BF.jpg,""
photos/32DF18CC-720E-436F-8105-3DEAF3869148.jpg,""
photos/3fb5e1d1-c944-4bca-9957-606317b956de.jpg,""
photos/c0807a1f-5420-4ab1-9128-b07c1f9a2e56.jpg,""
photos/5ea2e199-b22c-445f-a74f-a6b4652a548d.jpg,""
photos/4a249e6c-370d-4c1e-9199-d0187ef5c704.jpg,""
photos/26684066-83da-4b5f-8fa3-f32b456f070a.jpg,""
photos/4931fe0e-1b1c-45f3-bac2-a267e8f4606f.jpg,""
photos/8405f6ab-ea11-4ac4-a451-32c7f4b1a54e.jpg,""
photos/a6ab518b-58ac-4e43-9ad9-81ac7914042b.jpg,""
photos/d9cfdedc-d928-4e55-97af-13e3a40668fd.jpg,""
photos/b4ab2ed3-209e-4a40-bd05-2014dbf70efb.jpg,""
photos/96578606-f005-4c0d-a467-588cba8d478f.jpg,""
photos/3c194d55-5387-4de6-a6ea-ad6e10d4a2ef.jpg,""
photos/fac70852-8de7-4c11-b976-342e716980d1.jpg,""
photos/5a0fa997-9467-4f02-a8f5-8fc341702332.jpg,""
photos/d24d73bc-327f-44b0-8c82-408ae3189028.jpg,""
photos/71a5ad66-c8cf-4562-9663-15b84702c77e.jpg,""
photos/0d30074e-38a3-49f1-be7e-33679cf11c40.jpg,""
photos/358f2803-7507-485a-9aa0-2ea8416f35e9.jpg,""
photos/f3173ddb-c08c-4fe5-9e33-30f4ce36a735.jpg,""
photos/e8f6e172-4599-496c-acc0-1120f47b42ed.jpg,""
photos/38cbba4e-83da-4b5b-b30a-7b7989f3356f.jpg,""
photos/900aa413-7bd0-4778-8e02-032c87d13e2f.jpg,""
photos/e0631f56-200d-4b57-a79d-56871c6ca7cc.jpg,""
photos/116f7444-08fb-4ed1-99e4-6d2094a81564.jpg,""
photos/e694a923-9272-432d-bbec-daa20934a0b7.jpg,""
photos/9cef0007-135c-4676-962e-47bd24939d23.jpg,""
photos/246d08aa-9b09-4033-8400-ca224b533732.jpg,""
photos/2426064e-4c89-4283-af30-3dbd86a893e8.jpg,""
photos/1287b2ab-215b-4004-bb1e-ac717ee3c6c6.jpg,""
photos/26f7a30b-bd50-4b8c-bb29-cf5c8ae4dcb2.jpg,""
photos/822b99e1-f597-477f-a972-e107dfecbad1.jpg,""
photos/F4ECD87B-E91A-4F77-8E30-9690DB69EFE6.jpg,""
photos/C2063D38-3273-4773-8F8D-C6AD2E98D5B6.jpg,""
photos/0347E958-FB77-4644-B9C1-5E4FE78709B7.jpg,""
photos/1D5CF9B3-5594-4FA1-A380-5A26312B3888.jpg,""
photos/8721D9FB-6B9A-43CD-A3E2-AEC3631B02A1.jpg,""
photos/DD640BD1-5461-402B-88B1-95B07CCF5F92.jpg,""
photos/B8DC31C9-1144-4516-93C2-19F3F9335E85.jpg,""
photos/641C8FDD-3E12-4B90-8B2A-C424E9C65BE6.jpg,""
photos/5D8568E7-DBCE-4A1C-9D2D-FBFA44492595.jpg,""
photos/669FE9E9-F6A5-4693-868D-D94282F4A412.jpg,""
photos/E6ECE825-A3DA-4260-9D9B-A12BD0CC2563.jpg,""
photos/733361E4-EA68-4772-BA83-29845B157A01.jpg,""
photos/F55B0DE9-6B63-4CD8-8007-23BE2BEA9CEA.jpg,""
photos/27CD8773-3FD8-4CA6-B100-59F7B6BF5224.jpg,""
photos/24E0F988-55D5-4A13-8B16-B5BC9131EACD.jpg,""
photos/A68737C0-45B0-4C1A-8DBF-7533BCE9F911.jpg,""
photos/5722590E-BAA5-430C-B10D-D1C5B68D138C.jpg,""
photos/0EBB95C9-5E9A-478C-AAB7-353327102CFC.jpg,""
photos/F5ABF36A-AC2F-4968-A11F-6FCB83F93E6A.jpg,""
photos/136D49FC-4F09-4BBC-84CE-577779C64FBE.jpg,""
photos/31c0cb1d-6dd0-45c6-9131-9777638d14a5.jpg,""
photos/4ea24737-8a39-41e1-bb4d-f5a19053f2c0.jpg,""
photos/592713BD-EDC9-4264-948F-6BD934D8BBD8.jpg,""
photos/53E2613D-3027-4E1D-8357-CA2ADDBBDEBD.jpg,""
photos/980F1BEA-1976-4298-80A5-814FB734FB7D.jpg,""
photos/90F66087-848F-4BA6-9167-4822F312C0E3.jpg,""
photos/ECA2C6D8-D550-406B-8A5C-579EC37290D4.jpg,""
photos/A3C90C77-C5EB-4281-90FC-DCAD147D3CFA.jpg,""
photos/AF7977A0-3A72-4C94-B3E8-379412A4FA5E.jpg,""
photos/63D93DD1-E892-4B0A-89D1-04635E8F68EB.jpg,""
photos/E4510088-0403-433C-9997-A1BDFC1572B6.jpg,""
photos/9DB09B26-FD56-47A4-9BE0-B8D7B9A893E0.jpg,""
photos/EB193F74-81AF-48C4-839E-2E3CB902E9DC.jpg,""
photos/6d5d3c0e-97f9-45ab-abac-721d6a811b0c.jpg,""
photos/8a02497e-c8a8-4f05-b8c8-ba2674797681.jpg,""
photos/10DEE62D-DD6F-44B5-904D-D53522A2508A.jpg,""
photos/54F8B3C3-A875-4765-97CE-1BA81D88E522.jpg,""
photos/9236E046-3026-4002-B91F-DE3E8A040A1F.jpg,""
photos/E664E010-B5C1-4458-A09F-6850A11D3940.jpg,""
photos/2BA100A7-7B7E-4834-9E47-0714F2C360EE.jpg,""
photos/AE29050B-D7C1-44B6-9BC5-9C836EB182A5.jpg,""
photos/88F55A90-7D41-4D9B-87E9-5C4B0DBB5138.jpg,""
photos/E9BAA48F-9A92-4F02-8539-5BCA87F2974C.jpg,""
photos/D2FDA207-EDF4-4EAB-BE5A-9A0F2C43EB49.jpg,""
photos/E4B0CB9C-D297-4A52-91A1-50141F042162.jpg,""
photos/255F79C8-EAE1-4E7E-B789-CCBB149E6776.jpg,""
photos/3DD104E1-CD0B-4713-9212-B59856881999.jpg,""
photos/3045AED4-8D51-4AAA-8A09-932345E4050E.jpg,""
photos/640965BC-56CF-401D-AE59-2B00FBC5F425.jpg,""
photos/A9139939-99AA-406D-8E21-801F95574AA6.jpg,""
photos/F0CC7354-B4BC-44EF-8EC9-7507AA81D255.jpg,""
photos/C1AB232D-22F5-4D89-B4D7-01C7EE12C7F4.jpg,""
photos/378A0772-FAC8-4494-93A0-50948FAF7D6A.jpg,""
photos/8A5BFCC2-6AC2-4675-8FD1-EC0AFA5129C8.jpg,""
photos/7F65ABC1-4F85-444B-B790-23F24790D662.jpg,""
photos/093FEDE7-4043-4582-9176-DF9B285FA334.jpg,""
photos/cb4e9b97-3b15-4581-9c02-2e392eb53124.jpg,""
photos/C065D4D1-5B32-4488-8E5F-2D2C2583E92A.jpg,""
photos/0AA2DE12-CDF4-4E17-AFB0-0FB3064BD7D2.jpg,""
photos/ae72870e-e9a3-427f-a001-b83b9d0b46ba.jpg,""
photos/b244f18f-115e-4d6d-a80b-db795afce0f1.jpg,""
photos/be7111f5-d286-4d2c-83af-034ddfb4ec58.jpg,""
photos/edcde372-f600-4a66-8394-70fb5cc9b19a.jpg,""
photos/4de27e65-8463-4a5f-8749-589b87286477.jpg,""
photos/6cb70116-5a57-40e5-a4b8-0909c15082e3.jpg,""
photos/225e809a-9f8a-4f8e-a257-450f102b0f9f.jpg,""
photos/9cc13b14-d609-4c0d-94d8-3f7a0c6ef2a8.jpg,""
photos/0bbf3429-02cd-4206-b351-af2b0a8df567.jpg,""
photos/60fd9e20-d737-47e3-bd94-ecbf8f122693.jpg,""
photos/9d9e12a2-b3c9-4a8e-ae2b-36f63a0df1e8.jpg,""
photos/1ecee6b8-dc0f-4bbf-a2d8-076c0561816f.jpg,""
photos/c48cce38-0e51-4b16-8699-a1da1fba5ca2.jpg,""
photos/29965c25-e5d6-4cdb-b1c5-3033d66aa251.jpg,""
photos/dd0abfaa-30b7-4889-bd76-98362ea813ff.jpg,""
photos/6ce98343-56d2-4aeb-8730-e75b04f92ea4.jpg,""
photos/cda93126-36b6-4acf-8f28-895d384c848c.jpg,""
photos/5775c329-19c4-49ad-a4e5-ff42bd77a387.jpg,""
photos/9d52c48e-30e7-45c8-9f10-11f3b76f25a4.jpg,""
photos/83269356-e7ee-4431-a289-5b0f63ba4b70.jpg,""
photos/5308be49-6ef8-4d82-a30e-f8d86be9be6e.jpg,""
photos/58eefa01-f211-4ec6-b8ea-d4f978c3d99f.jpg,""
photos/7f7e626d-5dbf-4bab-978a-1e50a7e04268.jpg,""
photos/1e9ae059-f210-433e-b4ac-89c2887814d6.jpg,""
photos/33bc9e5c-8e75-4a33-bf1e-446a005aa0fd.jpg,""
photos/6e53748a-d9f4-422b-850b-ebe98fd8f885.jpg,""
photos/dfb064ef-55bd-4378-9bc3-cd84d04aa61f.jpg,""
photos/da91fea8-7730-4279-b00d-291befbe3fca.jpg,""
photos/7bb14438-94b9-41f4-90dd-1750331ff052.jpg,""
photos/8da2d55c-8639-415e-93d8-9ba676360657.jpg,""
photos/c88094af-2367-42ad-a2f7-d785bf8dab05.jpg,""
photos/4488e358-4915-4768-b3cd-a985a0df9193.jpg,""
photos/b05078bf-b57f-48e2-b048-7b26175d7481.jpg,""
photos/e057e5f2-7b16-4ccb-8a02-1c4cfe657d49.jpg,""
photos/7c9f8ded-1827-4893-9f1c-a3edb3e42df3.jpg,""
photos/497c08be-42c7-484d-9fa3-85b278fb7458.jpg,""
photos/3656e02f-165f-477a-b6a6-4addd11ac387.jpg,""
photos/ced47d56-cc00-4093-bc55-a90af575bf3b.jpg,""
photos/3b1b5b44-a1b9-4e5b-ac3c-9abf7524b7c8.jpg,""
photos/6e6e7c0c-c9a3-43be-b2ee-73f388c44c15.jpg,""
photos/71b040e0-87f4-4757-9803-eec217c52535.jpg,""
photos/289f0ae1-80ed-4497-8897-14b6ca176d15.jpg,""
photos/c657003b-6359-45a9-a877-be96f7e45c08.jpg,""
photos/660d3b1e-fc2d-4eef-8fd2-f7d877d2a484.jpg,""
photos/732dd9f9-af6e-423e-8a63-c237861d7f4b.jpg,""
photos/0508ad37-d402-4605-ae52-3209eecfb2ed.jpg,""
photos/01c7ee00-2225-4faa-9a11-2348f59cf95e.jpg,""
photos/19963221-f58b-4f60-9e3d-b7fae33eddff.jpg,""
photos/919109d1-012f-4ee1-9141-26a44dbfd965.jpg,""
